DoctorID,DoctorName,Gender,ExperienceYears
D001,Dr. Anita Gupta,Female,17
D002,Dr. Vikram Patel,Male,3
D003,Dr. Raj Joshi,Male,33
D004,Dr. Ritu Malhotra,Female,15
D005,Dr. Karan Joshi,Male,28
D006,Dr. Ritu Reddy,Female,26
D007,Dr. Pooja Mehra,Female,26
D008,Dr. Vikram Singh,Male,25
D009,Dr. Rohan Singh,Male,18
D010,Dr. Tanya Patel,Female,9
D011,Dr. Nisha Khan,Female,23
D012,Dr. Manish Gupta,Male,25
D013,Dr. Kavita Malhotra,Female,17
D014,Dr. Manish Sharma,Male,32
D015,Dr. Divya Joshi,Female,30
D016,Dr. Rohan Sharma,Male,31
D017,Dr. Priya Singh,Female,33
D018,Dr. Sneha Verma,Female,25
D019,Dr. Arjun Joshi,Male,19
D020,Dr. Priya Joshi,Female,34
D021,Dr. Rohan Mehra,Male,16
D022,Dr. Pooja Malhotra,Female,22
D023,Dr. Manish Malhotra,Male,29
D024,Dr. Karan Joshi,Male,23
D025,Dr. Tanya Sharma,Female,25
D026,Dr. Neha Joshi,Female,7
D027,Dr. Sneha Gupta,Female,18
D028,Dr. Sneha Patel,Female,4
D029,Dr. Divya Verma,Female,24
D030,Dr. Gaurav Joshi,Male,27
D031,Dr. Ritu Khan,Female,11
D032,Dr. Sneha Verma,Female,22
D033,Dr. Gaurav Reddy,Male,34
D034,Dr. Arjun Mehra,Male,15
D035,Dr. Amit Singh,Male,31
D036,Dr. Nisha Reddy,Female,4
D037,Dr. Priya Malhotra,Female,6
D038,Dr. Neha Patel,Female,3
D039,Dr. Nisha Sharma,Female,3
D040,Dr. Arjun Sharma,Male,26
D041,Dr. Sneha Gupta,Female,34
D042,Dr. Vikram Singh,Male,9
D043,Dr. Sneha Joshi,Female,26
D044,Dr. Divya Patel,Female,35
D045,Dr. Suresh Sharma,Male,5
D046,Dr. Neha Reddy,Female,21
D047,Dr. Rohan Joshi,Male,13
D048,Dr. Divya Gupta,Female,12
D049,Dr. Meera Khan,Female,27
D050,Dr. Neha Malhotra,Female,7
D051,Dr. Ravi Patel,Male,18
D052,Dr. Divya Gupta,Female,28
D053,Dr. Raj Khan,Male,9
D054,Dr. Neha Singh,Female,28
D055,Dr. Kavita Gupta,Female,21
D056,Dr. Suresh Gupta,Male,21
D057,Dr. Ritu Mehra,Female,30
D058,Dr. Suresh Sharma,Male,34
D059,Dr. Karan Khan,Male,27
D060,Dr. Arjun Sharma,Male,5
D061,Dr. Amit Reddy,Male,14
D062,Dr. Priya Malhotra,Female,4
D063,Dr. Arjun Mehra,Male,15
D064,Dr. Karan Sharma,Male,30
D065,Dr. Nisha Patel,Female,35
D066,Dr. Raj Gupta,Male,9
D067,Dr. Rohan Gupta,Male,23
D068,Dr. Vikram Khan,Male,16
D069,Dr. Tanya Sharma,Female,5
D070,Dr. Anita Verma,Female,21
D071,Dr. Vikram Singh,Male,14
D072,Dr. Anita Singh,Female,28
D073,Dr. Rohan Joshi,Male,18
D074,Dr. Pooja Mehra,Female,22
D075,Dr. Arjun Mehra,Male,3
D076,Dr. Gaurav Mehra,Male,20
D077,Dr. Anita Khan,Female,19
D078,Dr. Kavita Mehra,Female,5
D079,Dr. Divya Patel,Female,17
D080,Dr. Amit Verma,Male,13
D081,Dr. Divya Verma,Female,14
D082,Dr. Sneha Reddy,Female,28
D083,Dr. Arjun Reddy,Male,19
D084,Dr. Amit Mehra,Male,15
D085,Dr. Nisha Khan,Female,15
D086,Dr. Raj Khan,Male,33
D087,Dr. Vikram Sharma,Male,27
D088,Dr. Amit Gupta,Male,30
D089,Dr. Divya Patel,Female,31
D090,Dr. Priya Malhotra,Female,15
D091,Dr. Meera Sharma,Female,3
D092,Dr. Meera Reddy,Female,14
D093,Dr. Vikram Sharma,Male,28
D094,Dr. Arjun Malhotra,Male,7
D095,Dr. Vikram Singh,Male,31
D096,Dr. Suresh Verma,Male,18
D097,Dr. Pooja Malhotra,Female,13
D098,Dr. Ravi Sharma,Male,10
D099,Dr. Ritu Malhotra,Female,4
D100,Dr. Sneha Singh,Female,26
D101,Dr. Amit Gupta,Male,3
D102,Dr. Manish Sharma,Male,27
D103,Dr. Neha Gupta,Female,5
D104,Dr. Neha Sharma,Female,33
D105,Dr. Kavita Mehra,Female,21
D106,Dr. Ritu Khan,Female,18
D107,Dr. Tanya Reddy,Female,25
D108,Dr. Kavita Khan,Female,33
D109,Dr. Sneha Khan,Female,26
D110,Dr. Arjun Patel,Male,27
D111,Dr. Sneha Singh,Female,4
D112,Dr. Arjun Patel,Male,5
D113,Dr. Karan Gupta,Male,28
D114,Dr. Ravi Gupta,Male,28
D115,Dr. Gaurav Khan,Male,31
D116,Dr. Gaurav Khan,Male,26
D117,Dr. Gaurav Patel,Male,16
D118,Dr. Vikram Joshi,Male,15
D119,Dr. Kavita Joshi,Female,26
D120,Dr. Nisha Mehra,Female,26
D121,Dr. Anita Mehra,Female,12
D122,Dr. Karan Khan,Male,22
D123,Dr. Tanya Mehra,Female,6
D124,Dr. Ravi Malhotra,Male,13
D125,Dr. Nisha Mehra,Female,14
D126,Dr. Priya Gupta,Female,27
D127,Dr. Sneha Reddy,Female,12
D128,Dr. Tanya Gupta,Female,12
D129,Dr. Suresh Gupta,Male,11
D130,Dr. Divya Singh,Female,5
D131,Dr. Neha Verma,Female,4
D132,Dr. Raj Singh,Male,8
D133,Dr. Ravi Gupta,Male,12
D134,Dr. Pooja Verma,Female,26
D135,Dr. Meera Joshi,Female,31
D136,Dr. Rohan Reddy,Male,22
D137,Dr. Karan Patel,Male,12
D138,Dr. Amit Malhotra,Male,29
D139,Dr. Karan Khan,Male,20
D140,Dr. Anita Verma,Female,12
D141,Dr. Neha Sharma,Female,11
D142,Dr. Divya Mehra,Female,33
D143,Dr. Raj Joshi,Male,26
D144,Dr. Tanya Joshi,Female,14
D145,Dr. Raj Khan,Male,25
D146,Dr. Neha Singh,Female,7
D147,Dr. Manish Reddy,Male,28
D148,Dr. Neha Gupta,Female,23
D149,Dr. Amit Singh,Male,34
D150,Dr. Manish Mehra,Male,13
D151,Dr. Arjun Gupta,Male,35
D152,Dr. Karan Sharma,Male,34
D153,Dr. Rohan Sharma,Male,18
D154,Dr. Pooja Khan,Female,30
D155,Dr. Arjun Khan,Male,8
D156,Dr. Raj Patel,Male,3
D157,Dr. Priya Reddy,Female,27
D158,Dr. Suresh Mehra,Male,27
D159,Dr. Arjun Mehra,Male,24
D160,Dr. Karan Mehra,Male,29
D161,Dr. Sneha Singh,Female,19
D162,Dr. Divya Reddy,Female,20
D163,Dr. Suresh Verma,Male,23
D164,Dr. Neha Sharma,Female,11
D165,Dr. Neha Gupta,Female,7
D166,Dr. Amit Patel,Male,18
D167,Dr. Neha Sharma,Female,3
D168,Dr. Meera Joshi,Female,7
D169,Dr. Suresh Singh,Male,9
D170,Dr. Priya Patel,Female,15
D171,Dr. Neha Patel,Female,8
D172,Dr. Neha Sharma,Female,30
D173,Dr. Anita Gupta,Female,6
D174,Dr. Ritu Singh,Female,15
D175,Dr. Vikram Khan,Male,14
D176,Dr. Manish Sharma,Male,31
D177,Dr. Raj Verma,Male,14
D178,Dr. Pooja Patel,Female,15
D179,Dr. Neha Gupta,Female,14
D180,Dr. Anita Patel,Female,28
D181,Dr. Tanya Reddy,Female,29
D182,Dr. Pooja Gupta,Female,30
D183,Dr. Ravi Gupta,Male,3
D184,Dr. Kavita Reddy,Female,21
D185,Dr. Neha Sharma,Female,7
D186,Dr. Raj Joshi,Male,30
D187,Dr. Suresh Sharma,Male,8
D188,Dr. Ravi Joshi,Male,7
D189,Dr. Meera Khan,Female,25
D190,Dr. Divya Singh,Female,34
D191,Dr. Suresh Singh,Male,15
D192,Dr. Rohan Sharma,Male,25
D193,Dr. Suresh Singh,Male,28
D194,Dr. Suresh Khan,Male,12
D195,Dr. Gaurav Mehra,Male,4
D196,Dr. Meera Mehra,Female,12
D197,Dr. Raj Mehra,Male,14
D198,Dr. Rohan Gupta,Male,9
D199,Dr. Suresh Patel,Male,20
D200,Dr. Raj Khan,Male,28
